epoch,step,train_acc,train_loss
0,49,0.7734375,0.709865391254425
